<?xml version="1.0"?>

<PropertyList>

 <path>OilPress.ac</path>

 <effect>
  <inherits-from>Aircraft/c150/Models/Effects/interior/flashlight</inherits-from>
  <object-name>Frame</object-name>
  <object-name>Needle</object-name>
 </effect>


 <animation>
  <type>material</type>
  <object-name>Frame</object-name>
  <object-name>Needle</object-name>
  <emission>
   <red>1.0</red>
   <green>0.2</green>
   <blue>0.0</blue>
   <factor-prop>/systems/electrical/outputs/instrument-lights-norm</factor-prop>
  </emission>
 </animation>


 <animation>
  <type>rotate</type>
  <object-name>Needle</object-name>
  <property>/engines/engine[0]/oil-pressure-psi</property>
  <interpolation>
   <entry>
    <ind>0</ind>
    <dep>-33</dep>
   </entry>
   <entry>
    <ind>100</ind>
    <dep>33</dep>
   </entry>
  </interpolation>
  <center>
   <x-m>0</x-m>
   <y-m>0.0</y-m>
   <z-m>-0.015</z-m>
  </center>
  <axis>
   <x>-1</x>
   <y>0</y>
   <z>0</z>
  </axis>
 </animation>

</PropertyList>


