<?xml version="1.0" encoding="UTF-8"?>

<PropertyList>

  <name>Breakers</name>
  <layout>vbox</layout>
  <modal>false</modal>
  <draggable>true</draggable>

    <color>
        <red type="float">0.6</red>
        <green type="float">0.65</green>
        <blue type="float">0.55</blue>
        <alpha type="float">0.85</alpha>
    </color>


  <group>
    <layout>hbox</layout>
    <default-padding>1</default-padding>

    <empty>
      <stretch>true</stretch>
    </empty>

    <text>
      <label>Circuit breakers</label>
    </text>

    <empty>
      <stretch>true</stretch>
    </empty>

    <button>
      <legend/>
      <key>Esc</key>
      <pref-width>16</pref-width>
      <pref-height>16</pref-height>
      <border>2</border>
      <binding>
        <command>dialog-close</command>
      </binding>
    </button>
  </group>

  <hrule/>
  

  <group>
    <layout>hbox</layout>
    
      <text>
        <halign>left</halign>
        <label>Warning: Check your circuit breakers : MMMMMMMMMMMMMMMMM</label>
        <format>Warning: Check your circuit breakers : %s</format>
        <property>sim/model/c150/breaker-name</property>
      </text>
    
  </group>

  <group>
    <layout>hbox</layout>
    <empty><stretch>true</stretch></empty>
    <button>
      <legend>OK</legend>
      <equal>true</equal>
      <default>true</default>
      <key>Esc</key>
      <binding><command>dialog-apply</command></binding>
      <binding><command>dialog-close</command></binding>
    </button>
    <empty><stretch>true</stretch></empty>
  </group>

</PropertyList>

