<?xml version="1.0" encoding="UTF-8"?>


<PropertyList>

    <filter>
        <type>gain</type>
        <gain>0.3048</gain>
        <input>
            <property>/position/altitude-agl-ft</property>
        </input>
        <reference>1.0</reference>
        <output>
            <property>/position/altitude-agl-m</property>
        </output>
    </filter>
    
    <filter>
        <type>gain</type>
        <gain>100.0</gain>
        <input>
            <property>/systems/electrical/battery-charge-percent</property> <!-- this property ranges from 0.0 to 1.0 despite its name -->
        </input>
        <output>
            <property>/systems/electrical/battery-charge-percent-100</property>
        </output>
    </filter>
    
    <filter>
        <name>Clock: UTF to local time conversion</name>
        <type>gain</type>
        <input>
            <expression>
                <sum>
                    <property>sim/time/utc/day-seconds</property>
                    <property>sim/time/local-offset</property>
                </sum>
            </expression>
        </input>
        <input>
            <value>0.0</value>
        </input>
        <output>
            <property>/sim/model/c150/local-time-seconds</property>
        </output>
    </filter>

</PropertyList>
