<?xml version="1.0"?>

<PropertyList>

<name>Analog Clock</name>
<w-base>170</w-base>
<h-base>170</h-base>
<layers>
	<layer>
		<name>background</name>
		<texture>
			<path>Aircraft/c150/Panels/Instruments/Textures/c150-instruments.rgb</path>
			<x1>0.3320</x1>
			<y1>0.0</y1>
			<x2>0.6640</x2>
			<y2>0.3320</y2>
		</texture>
	</layer>
	<layer>
		<name>hours</name>
		<texture>
			<path>Aircraft/c150/Panels/Instruments/Textures/c150-instruments.rgb</path>
			<x1>0.8203</x1>
			<y1>0.1953</y1>
			<x2>0.8339</x2>
			<y2>0.2675</y2>
		</texture>
		<w>15</w>
		<h>47</h>
		<transformations>
			<transformation>
				<type>rotation</type>
				<property>/sim/time/utc/hour</property>
				<scale>15.0</scale>
			</transformation>
			<transformation>
				<type>y-shift</type>
				<offset>24</offset>
			</transformation>
		</transformations>
	</layer>
	<layer>
		<name>seconds</name>
		<texture>
			<path>Aircraft/c150/Panels/Instruments/Textures/c150-instruments.rgb</path>
			<x1>0.824</x1>
			<y1>0.1953</y1>
			<x2>0.830</x2>
			<y2>0.25</y2>
		</texture>
		<w>5</w>
		<h>56</h>
		<transformations>
			<transformation>
				<type>rotation</type>
				<property>/sim/time/utc/second</property>
				<scale>6.0</scale>
			</transformation>
			<transformation>
				<type>y-shift</type>
				<offset>28</offset>
			</transformation>
		</transformations>
	</layer>
	<layer>
		<name>minutes</name>
		<texture>
			<path>Aircraft/c150/Panels/Instruments/Textures/c150-instruments.rgb</path>
			<x1>0.8203</x1>
			<y1>0.1953</y1>
			<x2>0.8339</x2>
			<y2>0.2675</y2>
		</texture>
		<w>10</w>
		<h>76</h>
		<transformations>
			<transformation>
				<type>rotation</type>
				<property>/sim/time/utc/minute</property>
				<scale>6.0</scale>
			</transformation>
			<transformation>
				<type>y-shift</type>
				<offset>38</offset>
			</transformation>
		</transformations>
	</layer>
	<layer>
		<name>center</name>
		<texture>
			<path>Aircraft/c150/Panels/Instruments/Textures/c150-instruments.rgb</path>
			<x1>0.8164</x1>
			<y1>0.0273</y1>
			<x2>0.900</x2>
			<y2>0.1093</y2>
		</texture>
		<transformations>
			<transformation>
				<type>y-shift</type>
				<offset>0</offset>
			</transformation>
			<transformation>
				<type>x-shift</type>
				<offset>-0</offset>
			</transformation>
		</transformations>
		<w>30</w>
		<h>30</h>
	</layer>
</layers>

</PropertyList>
