<?xml version="1.0"?>

<PropertyList>

    <name>c150-left-fuel-dialog</name>
    <layout>vbox</layout>
    <resizable>false</resizable>
    <modal>false</modal>
    <draggable>true</draggable>

    <color>
        <red type="float">0.6</red>
        <green type="float">0.65</green>
        <blue type="float">0.55</blue>
        <alpha type="float">0.85</alpha>
    </color>

    <group>
        <layout>hbox</layout>

        <empty><stretch>true</stretch></empty>
        <text>
            <label>Left Fuel Tank</label>
        </text>
        <empty><stretch>true</stretch></empty>

        <button>
            <legend/>
            <key>Esc</key>
            <pref-width>16</pref-width>
            <pref-height>16</pref-height>
            <binding>
                <command>dialog-close</command>
            </binding>
        </button>
    </group>

    <hrule/>
    
    <group>
        <layout>vbox</layout>
        <padding>6</padding>
        <group>
            <layout>hbox</layout>
            <text>
                <label>Left Fuel Tank:</label>
                <halign>left</halign>
            </text>
            <slider>
                <name>c150-left-fuel-slider</name>
                <min>0</min>
                <max>11.3</max>
                <live>true</live>
                <enable>
                    <less-than>
                        <property>velocities/groundspeed-kt</property>
                        <value>1.0</value>
                    </less-than>
                </enable>
                <property>/consumables/fuel/tank[0]/level-gal_us</property>
                <binding>
                    <command>dialog-apply</command>
                    <name>c150-left-fuel-slider</name>
                </binding>
            </slider>
            <group>
                <layout>vbox</layout>
                <padding>6</padding>
                <group>
                    <layout>hbox</layout>
                    <padding>6</padding>
                    <text>
                        <label>1234</label>
                        <halign>left</halign>
                        <format>%.2f</format>
                        <live>true</live>
                        <property>/consumables/fuel/tank[0]/level-gal_us</property>
                    </text>
                    <text>
                        <label>gallons</label>
                        <halign>left</halign>
                    </text>
                </group>
                <group>
                    <layout>hbox</layout>
                    <padding>6</padding>
                    <text>
                        <label>1234</label>
                        <halign>left</halign>
                        <format>%.1f</format>
                        <live>true</live>
                        <property>/consumables/fuel/tank[0]/level-lbs</property>
                    </text>
                    <text>
                        <label>pounds</label>
                        <halign>left</halign>
                    </text>
                </group>
            </group>
        </group>
    </group>
    
    <group>
        <layout>hbox</layout>
        <text>
            <visible>
                <greater-than-equals>
                    <property>velocities/groundspeed-kt</property>
                    <value>1.0</value>
                </greater-than-equals>
            </visible>
            <color>
                <red>0.9</red>
                <green>0.1</green>
                <blue>0.1</blue>
            </color>
            <label>Dialog disabled when in movement</label>
        </text>
    </group>
        
    <hrule/>

    <group>
        <layout>hbox</layout>
        <default-padding>6</default-padding>
        <empty><stretch>true</stretch></empty>
        <button>
            <legend>Close</legend>
            <equal>true</equal>
            <key>Esc</key>
            <default>true</default>
            <binding>
                <command>dialog-close</command>
            </binding>
        </button>
    </group>

</PropertyList>
