<?xml version="1.0"?>

<!-- Generated by Aero-Matic v 3.1.1

    See: http://wiki.flightgear.org/JSBSim_Thrusters#FGPropeller

    Inputs:
           horsepower: 100
       max engine rpm: 2500
   prop diameter (ft): 5.741
      prop chord (ft): 0.910495
                pitch: fixed at 45 inch

    Outputs:
         max prop rpm: 3268.25
           gear ratio: 1
                  Cp0: 0.0229468
                  Ct0: 0.0321256
  static thrust (lbs): 263.797
-->

<propeller name="Fixed-Pitch 69-inch Two-Blade Propeller">
      <ixx> 1.027 </ixx>
      <!--
      MoI ~ 0.5 * Prop_Weight(lb) (less hub) * [D2]/386
      w=24lb
      d=69inch=5.75ft
      MoI ~ 1.027
      -->
      <diameter unit="IN"> 68.9 </diameter>
      <numblades> 2 </numblades>
      <minpitch> 30 </minpitch>
      <maxpitch> 30 </maxpitch>
  <gearratio> 1 </gearratio>
  <cp_factor> 1.00 </cp_factor>
  <ct_factor> 1.00 </ct_factor>

  <table name="C_THRUST" type="internal">
     <tableData>
      0.00    0.0621
      0.05    0.0583
      0.10    0.0547
      0.15    0.0513
      0.20    0.0481
      0.25    0.0451
      0.30    0.0422
      0.35    0.0393
      0.40    0.0366
      0.45    0.0340
      0.50    0.0315
      0.55    0.0290
      0.60    0.0265
      0.65    0.0241
      0.70    0.0218
      0.75    0.0194
      0.80    0.0170
      0.85    0.0147
      0.90    0.0123
      0.95    0.0099
      1.00    0.0075
      1.05    0.0051
      1.10    0.0026
      1.15    0.0001
      1.20   -0.0025
      1.25   -0.0051
      1.30   -0.0078
      1.35   -0.0105
      1.40   -0.0133
      1.50   -0.0192
      1.60   -0.0253
      1.70   -0.0318
      1.80   -0.0387
      1.90   -0.0459
      2.00   -0.0536
      2.10   -0.0617
      2.20   -0.0702
      2.30   -0.0791
      2.40   -0.0885
     </tableData>
  </table>


  <table name="C_POWER" type="internal">
     <tableData>
      0.00    0.0578
      0.05    0.0555
      0.10    0.0532
      0.15    0.0509
      0.20    0.0486
      0.25    0.0463
      0.30    0.0441
      0.35    0.0418
      0.40    0.0395
      0.45    0.0372
      0.50    0.0349
      0.55    0.0326
      0.60    0.0303
      0.65    0.0279
      0.70    0.0255
      0.75    0.0231
      0.80    0.0206
      0.85    0.0181
      0.90    0.0155
      0.95    0.0128
      1.00    0.0101
      1.05    0.0073
      1.10    0.0044
      1.15    0.0014
      1.20   -0.0017
      1.25   -0.0050
      1.30   -0.0083
      1.35   -0.0117
      1.40   -0.0153
      1.50   -0.0229
      1.60   -0.0310
      1.70   -0.0398
      1.80   -0.0492
      1.90   -0.0594
      2.00   -0.0703
      2.10   -0.0820
      2.20   -0.0945
      2.30   -0.1079
      2.40   -0.1222
     </tableData>
  </table>

<!-- thrust effects of helical tip Mach -->
<table name="CT_MACH" type="internal">
  <tableData>
    0.85   1.0
    1.05   0.8
  </tableData>
</table>

<!-- power-required effects of helical tip Mach -->
<table name="CP_MACH" type="internal">
  <tableData>
    0.85   1.0
    1.05   1.8
    2.00   1.4
  </tableData>
</table>

</propeller>
